﻿1,anusha pariti,8.10599e+009,Bangalore,bed,Independent,4 BHK,4,fully-furnished,2
4,Garima yadav,8.10592e+010,Bangalore,bed,Apartment,3 BHK,5,unfurnished,2
7,Kamal gera,8.10599e+009,Bangalore,bed,Apartment,3 BHK,3,semifurnished,1
8,Tushar kapoor,8.92654e+009,Pune,bed,Apartment,3 BHK,3,semifurnished,0
11,Deepa sudhakar,7.89679e+009,Pune,bed,Independent,3 BHK,3,fully-furnished,1
14,Manisha Yadav,9.86785e+009,Delhi,room,Independent,2 BHK,2,fully-furnished,1
15,Shivani godha,9.87867e+009,Delhi,bed,Independent,2 BHK,4,unfurnished,2
16,Rajan pandey,8.98765e+009,delhi,bed,Independent,3 BHK,3,fully-furnished,1
17,Roosena manuel,9.87562e+009,Delhi,room,Apartment,3 BHK,3,fully-furnished,0
18,Prabhjot gill,9.80079e+009,Delhi,bed,Apartment,3 BHK,3,fully-furnished,0
19,Ankita sharma,9.98879e+009,Delhi,bed,Independent,1 BHK,2,unfurnished,2
